<?xml version="1.0" encoding="UTF-8" standalone="no"?>
<ExtensionManifest
  Version="6.0"
  ExtensionBundleId="com.bolt.cepcom.blacksparrow.pro"
  ExtensionBundleVersion="1.0.0"
  ExtensionBundleName="Black Sparrow Kashida"
  xmlns:xsi="http://www.w3.org/2001/XMLSchema-instance"
>
  <ExtensionList>
    <Extension Id="com.bolt.cepcom.blacksparrow.pro.main" Version="1.0.0" />
  </ExtensionList>

  <ExecutionEnvironment>
    <HostList>
      <Host Name="PPRO" Version="[0.0,99.9]" />
    </HostList>
    <LocaleList>
      <Locale Code="All" />
    </LocaleList>
    <RequiredRuntimeList>
      <RequiredRuntime Name="CSXS" Version="9.0" />
    </RequiredRuntimeList>
  </ExecutionEnvironment>

  <DispatchInfoList>
    <Extension Id="com.bolt.cepcom.blacksparrow.pro.main">
      <DispatchInfo>
        <Resources>
          <MainPath>./index.html</MainPath>
          <CEFCommandLine>
            <Parameter>--v=0</Parameter>
            <Parameter>--enable-nodejs</Parameter>
            <Parameter>--mixed-context</Parameter>
          </CEFCommandLine>
        </Resources>
        <Lifecycle>
          <AutoVisible>true</AutoVisible>
        </Lifecycle>
        <UI>
          <Type>Panel</Type>
          <Menu>Black Sparrow Kashida</Menu>
          <Geometry>
            <Size>
              <Width>280</Width>
              <Height>600</Height>
            </Size>
          </Geometry>
          <Icons>
            <Icon Type="Normal">./assets/dark-icon.png</Icon>
            <Icon Type="DarkNormal">./assets/light-icon.png</Icon>
            <Icon Type="RollOver">./assets/dark-icon.png</Icon>
            <Icon Type="DarkRollOver">./assets/light-icon.png</Icon>
          </Icons>
        </UI>
      </DispatchInfo>
    </Extension>
  </DispatchInfoList>
</ExtensionManifest>